"filename", "language", "JavaScript", "JavaScript JSX", "comment", "blank", "total"
"/Users/loucadaviot/Desktop/crfm/backend/services/missions.service.js", "JavaScript", 199, 0, 132, 70, 401
"/Users/loucadaviot/Desktop/crfm/frontend/src/App.jsx", "JavaScript JSX", 0, -2, 0, 0, -2
"/Users/loucadaviot/Desktop/crfm/frontend/src/features/missions/context/MissionsContext.jsx", "JavaScript JSX", 0, 286, 41, 52, 379
"/Users/loucadaviot/Desktop/crfm/frontend/src/features/missions/hooks/useGroupesMissions2.js", "JavaScript", 359, 0, 54, 65, 478
"/Users/loucadaviot/Desktop/crfm/frontend/src/features/missions/hooks/useMissions2.js", "JavaScript", 164, 0, 104, 45, 313
"/Users/loucadaviot/Desktop/crfm/frontend/src/features/missions/pages/CreerMissions2Admin.jsx", "JavaScript JSX", 0, 49, 6, 70, 125
"/Users/loucadaviot/Desktop/crfm/frontend/src/features/missions/pages/CreerMissions3Admin.jsx", "JavaScript JSX", 0, 79, 32, 24, 135
"/Users/loucadaviot/Desktop/crfm/frontend/src/features/missions/pages/CreerMissions4Admin.jsx", "JavaScript JSX", 0, 226, 53, 75, 354
"/Users/loucadaviot/Desktop/crfm/frontend/src/features/missions/pages/ValiderCreationMissions.jsx", "JavaScript JSX", 0, -657, -19, -160, -836
"Total", "-", 722, -19, 403, 241, 1347